name,m,C_L,C_D,alpha_elec,E_deploy,gamma_cool,lap_time,energy_used,thermal_risk,is_pareto
Baseline,770,1.0,1.0,0.47,7.0,1.0,91.1805231400354,11.940942170127913,0.2,False
Low Drag,755,0.85,0.88,0.52,8.0,0.9,96.02882255044966,12.805187193716117,0.2,False
High DF,785,1.28,1.18,0.42,6.0,1.15,83.19564381323838,11.731489921991066,0.2,True
Aggressive,745,1.15,1.05,0.58,8.8,1.25,84.36557561749117,14.487473435147532,0.2,False
Conservative,780,0.95,0.95,0.4,5.5,1.3,93.57576636334124,10.388390681705946,0.2,True
