name,m,C_L,C_D,alpha_elec,E_deploy,gamma_cool,lap_time,energy_used,thermal_risk
Baseline,770,1.0,1.0,0.47,7.0,1.0,92.53091513231855,11.914948161354436,0.2003763027276733
Low Drag,760,0.85,0.88,0.5,8.0,0.9,96.46598645495264,12.79816613263659,0.1994476162462959
High Downforce,780,1.25,1.15,0.45,6.5,1.1,84.00682252940425,12.128998537311421,0.19984182515497087
Aggressive Electric,750,1.1,1.0,0.58,8.5,1.2,86.84327641290085,14.308097960752068,0.20057689505008733
